postcode,northing,easting
BR1 1HN,168744,540278
BR1 3DR,169290,541025
BR1 4AD,169814,539619
BR1 4HB,170381,539779
BR1 4HE,170332,540204
BR1 4PX,170901,540193
BR1 5EP,171701,539825
BR1 5NJ,172002,539621
BR2 7EH,166158,540018
BR2 7JF,166249,540022
BR2 7LL,166161,540445
BR2 9EF,167703,540483
BR2 9GT,167328,541902
BR3 3FD,169152,536933
BR3 3QL,169191,536898
BR3 4DG,168505,536188
BR3 4DQ,168520,536344
BR3 5HS,169590,538895
BR3 5LE,169424,537634
BR3 5LG,169417,537793
BR4 0PU,166095,538257
BR4 9BG,165226,539041
BR4 9PS,165976,537673
BR5 1EL,167057,544659
BR5 1JZ,167718,544501
BR5 1LH,167577,544712
BR5 2DD,167751,546660
BR5 2DQ,167758,546299
BR5 2JP,169186,546777
BR5 3NL,168372,547254
BR5 3TW,169662,547322
BR5 4AR,167453,547157
BR5 4DU,167251,547385
BR5 4LA,166346,546962
BR6 0DP,166877,545888
BR6 6BG,163772,545628
BR6 6HD,163951,546598
BR6 6HE,163850,546449
BR6 7AR,164941,543718
BR6 7EA,164393,544429
BR6 8ND,165032,543443
BR6 8NL,165081,543121
BR6 9JL,165536,546010
BR7 5AQ,170989,543816
BR7 6DB,171139,543624
BR7 6LH,170314,544601
CR0 0JA,162447,538101
CR0 0QL,163445,538255
CR0 1ED,165302,532711
CR0 1SG,165327,532109
CR0 2BZ,166481,532802
CR0 2EU,166105,532562
CR0 2JJ,166920,532490
CR0 3EW,167212,530859
CR0 3PN,166770,531397
CR0 4HN,164065,531827
CR0 4UQ,165832,530659
CR0 6AD,166210,533541
CR0 6AH,166185,534042
CR0 6HA,166512,533478
CR0 6SD,165765,533212
CR0 7AG,166789,534803
CR0 7LJ,165920,534991
CR0 8BH,165823,536177
CR0 8NG,165254,537208
CR0 8RG,165736,536115
CR2 6AD,163721,532523
CR2 6EX,163001,532511
CR2 7DX,164639,532882
CR2 7NG,162521,534757
CR2 8DU,162430,534739
CR2 8LG,162147,534901
CR2 9HH,160714,532993
CR4 1BP,168628,529866
CR4 1DL,168540,529047
CR4 3DA,168865,527106
CR4 3FH,168914,527224
CR4 3HS,169492,527571
CR4 3LD,169566,527926
CR4 3PR,169157,526564
CR4 4DQ,168190,526814
CR5 1HF,158071,531294
CR5 2DR,159876,529583
CR7 6AR,167188,531472
CR7 6BH,167427,530930
CR7 6JE,168395,531055
CR7 7HL,167150,531677
CR7 7HQ,167150,531525
CR7 7JH,168189,532046
CR7 7JN,167934,531667
CR7 7NA,168491,531067
CR7 8JN,169002,532474
CR7 8LY,168652,532223
CR7 8RL,168243,532546
CR8 2YL,161871,531431
CR8 3EE,162017,530602
CR8 5DG,159846,532778
DA1 4ER,174612,551616
DA14 4EA,172447,546306
DA14 4TA,171982,546476
DA14 6BU,171498,546517
DA14 6LT,170987,546234
DA15 7DS,172367,546220
DA15 8DF,173265,545282
DA16 2AT,175648,546539
DA16 2HE,175886,545790
DA16 2JZ,174880,546291
DA16 3HQ,176206,546640
DA16 3QR,175972,545957
DA16 3RE,176037,545681
DA17 5LQ,178137,548997
DA5 1AP,173719,549415
DA5 1HU,173720,549126
DA6 7LP,174972,549301
DA6 8DZ,175428,548124
DA7 5HL,176983,548693
DA7 5RF,177205,547772
DA7 6DL,175796,550066
DA7 6HZ,176280,549605
DA8 1BJ,178844,550495
DA8 1RQ,177878,551534
DA8 2HS,176889,552190
DA8 3DB,177554,550517
DA8 3EE,177576,550561
E1 0LS,181209,535371
E1 0SG,181296,535379
E1 1BB,181798,534829
E1 1BU,181910,534859
E1 1JU,181570,534290
E1 2LP,181246,534538
E1 2LX,181157,534595
E1 2QA,181217,535046
E1 4DG,182498,535916
E1 4FG,181765,536218
E1 5PB,181592,534038
E1 6PU,181694,533902
E1 7RA,181410,533934
E1 8DE,181173,533874
E10 5EL,186918,537940
E10 5LG,186427,537815
E10 6BT,188450,538283
E10 6JB,187787,538433
E10 6PP,186676,538464
E10 6RA,187688,538108
E10 7DY,187685,537184
E10 7LD,187428,536776
E11 1BN,187574,538947
E11 1GA,187772,539742
E11 2AQ,188526,540453
E11 2SW,188521,540289
E11 3NW,186272,539978
E11 3QF,186366,539369
E11 4BB,187181,538715
E11 4HH,185749,539101
E11 4HX,185958,538897
E11 4JT,185998,539126
E12 5DL,186612,541394
E12 5JG,185899,542729
E12 6AQ,185209,542507
E12 6BE,185360,542147
E12 6SJ,184466,542289
E12 6SU,184504,542172
E13 0AS,182947,540686
E13 0LN,183420,540253
E13 0QA,183989,540556
E13 0QP,183882,540941
E13 0QT,184024,541096
E13 8AF,182809,540490
E13 8LJ,182335,540535
E13 8LS,182034,540667
E13 8PS,182648,540762
E13 8RU,182325,541109
E13 8SL,182391,541259
E13 9DA,183359,541404
E14 0EY,180933,538012
E14 0PU,181393,538534
E14 3BQ,179250,537996
E14 3PG,179604,538227
E14 4AF,180585,537326
E14 4HA,180473,537088
E14 4HD,180447,537087
E14 4QT,180327,537401
E14 4QW,180281,537248
E14 5AR,180445,537632
E14 5EE,180051,537737
E14 5HX,180275,537775
E14 6PG,181345,537882
E14 7LJ,181732,537167
E14 8HQ,180989,536891
E14 8JH,179833,537132
E14 9DH,179484,537699
E14 9FE,179830,538041
E14 9SH,179820,537720
E14 9UF,179937,537458
E14 9WU,178768,537479
E15 1EN,184766,539111
E15 1LH,185357,539104
E15 2JA,183918,538566
E15 2LS,183758,538506
E15 3LT,183671,539222
E15 4BZ,184485,539238
E15 4ES,184416,539489
E16 1HT,181144,539827
E16 2DY,180067,542601
E16 2RL,180054,543944
E16 3NA,181251,540631
E16 4QH,182022,539600
E17 3LA,189548,538440
E17 4BA,190316,538283
E17 5DB,190548,536998
E17 5JL,189717,536834
E17 5QB,190652,535891
E17 5RJ,190221,536291
E17 5RQ,190272,536234
E17 7JT,188655,536242
E17 7NH,188670,536455
E17 8PX,188627,537259
E17 9BU,188578,537919
E17 9DP,188755,538574
E17 9HS,189102,538161
E17 9LY,189024,538040
E18 1AY,190273,540337
E18 1BD,190340,540350
E18 1JJ,190053,540594
E18 2AB,190157,540296
E18 2QS,190669,540129
E1W 1UA,180441,534160
E1W 2RL,180276,534840
E2 0PJ,182819,535492
E2 6JA,182314,534325
E2 6LL,182665,534381
E2 6NA,182815,534372
E2 7QU,182932,533687
E2 9LS,183175,534907
E20 1AS,185134,538387
E3 2AT,182836,536903
E3 2LR,183773,536916
E3 3BT,182706,537975
E3 3EW,182785,537621
E3 3FF,182428,537855
E3 4LJ,182648,536940
E3 5ED,183342,536658
E3 5JD,183214,536617
E3 5TW,183031,536133
E4 6UN,193144,538482
E4 7HS,193914,538739
E4 7JX,194083,537765
E4 7NX,194859,537715
E4 8DA,192993,537306
E4 8DG,192904,537282
E4 8HH,192742,537253
E4 8LF,192658,537006
E4 8LT,192274,537306
E4 8YD,191738,536858
E4 9HH,191953,538493
E4 9PD,191813,538662
E5 0DH,185935,536056
E5 0PL,185471,535294
E5 0PQ,185359,535230
E5 0QP,185802,535061
E5 8BY,186154,534415
E5 9BQ,186953,535164
E5 9DH,187132,534554
E6 2DU,184126,542457
E6 2RA,183349,542813
E6 3BA,183495,542409
E6 3BD,183350,541930
E6 5JS,181632,542783
E6 5NA,180965,543258
E7 0EP,185461,540490
E7 0QH,185244,540523
E7 8AB,185138,541099
E7 8AR,185065,541442
E7 8BU,184941,540874
E7 8LZ,184415,541249
E7 8QP,184426,541797
E7 8QR,184281,541945
E7 9PB,184635,540619
E7 9QJ,184175,540960
E8 1HP,185171,534971
E8 1PG,184979,534115
E8 3AH,184778,533915
E8 3HN,184457,534245
E8 3XP,184270,533837
E8 4QJ,183745,534536
E9 5AN,184711,536085
E9 5NE,184768,536730
E9 5QG,185487,536351
E9 6AG,185079,535784
E9 6QY,184485,535383
E9 6RT,184880,535346
E9 6SR,185336,535570
E9 7SN,184006,534964
E9 7TA,184070,535134
EC1A 7HF,181721,532048
EC1A 7HZ,181757,532019
EC1A 9PH,181578,531785
EC1N 2SW,181618,531210
EC1R 0LP,182356,531294
EC1V 2QH,182725,532515
EC1Y 2AA,182086,532786
EC1Y 2AL,182352,532746
EC2A 1AS,182034,532785
EC2M 1JD,181547,533008
EC2M 1JJ,181505,533030
EC2M 5TE,181523,532761
EC2M 5TU,181502,532871
EC2N 2DL,181438,532866
EC2N 2HD,181318,532935
EC2R 8AR,181236,532991
EC2V 5BQ,181356,532562
EC2V 6EE,181138,532512
EC2Y 9AA,181601,532692
EC2Y 9AW,181777,532641
EC3A 5AR,181207,533373
EC3M 1AE,180813,532972
EC3M 1EB,180805,533077
EC3N 2JY,180958,533608
EC3N 3AJ,180946,533495
EC3N 4AB,180570,533602
EC3R 8HN,180704,533194
EC3V 1LR,181049,533092
EC3V 3ND,181101,532832
EC4A 1DT,181381,531149
EC4A 2AB,181190,531594
EC4M 7AS,181105,531824
EC4M 9AF,181118,532206
EC4N 5AX,180897,532733
EC4N 7BE,180921,532834
EC4N 7HR,180882,532855
EC4R 2SU,180842,532558
EC4R 3XJ,180729,532548
EC4V 2AU,180907,532381
EC4Y 1AA,181123,531213
EC4Y 8AA,181127,531501
EN1 1HS,195279,533956
EN1 1LJ,195895,534196
EN1 1PJ,196559,533320
EN1 1XG,195184,533891
EN1 3AZ,196798,533153
EN1 3EB,196810,532834
EN1 3EW,196787,532850
EN1 3LL,197723,533116
EN2 6HB,195903,532650
EN2 6TJ,196418,532555
EN2 7PR,197311,531425
EN2 7RD,196610,530898
EN3 4DE,196281,535243
EN3 4DN,196152,535275
EN3 4DZ,195887,535276
EN3 4UE,195896,535951
EN3 5BA,197196,535079
EN3 5PR,197993,535378
EN3 5TU,197529,535176
EN3 6GS,198507,537232
EN3 6ND,198918,535693
EN3 6PN,199128,535616
EN3 7HW,197175,535364
EN4 0DR,196290,528206
EN4 8QZ,195763,526961
EN4 8RF,195949,526839
EN4 9NB,196028,528176
EN5 1QH,196114,526231
EN5 1RS,195838,525808
EN5 2ED,195991,524996
EN5 4BB,196432,524510
EN5 4HT,196576,524292
HA0 1EU,183356,518147
HA0 2AL,185150,517996
HA0 3HG,185713,516810
HA0 4JB,184043,518388
HA0 4JF,184192,518218
HA0 4SH,184348,518036
HA0 4UZ,184783,517499
HA1 1PG,188516,515047
HA1 1PQ,188368,515067
HA1 1RQ,188825,514904
HA1 1SE,188898,515275
HA1 2NU,188316,515976
HA1 2UD,189190,515615
HA1 3GW,186293,515663
HA1 3QE,186062,515669
HA1 3RX,186438,515663
HA1 3UJ,187616,516376
HA1 4BS,187692,514387
HA1 4JS,188389,514222
HA1 4QG,188735,514395
HA2 0AH,187154,514170
HA2 0JF,187060,515106
HA2 0RQ,187543,513830
HA2 0UE,186658,513548
HA2 6LY,190187,513910
HA2 7DU,188171,513378
HA2 8RS,186008,512918
HA2 9JJ,186815,512556
HA2 9LG,187069,512666
HA3 0UQ,188838,518401
HA3 0YX,188373,516742
HA3 5HF,190530,515032
HA3 5LE,190815,514850
HA3 7LT,190477,516409
HA3 9BL,189867,517794
HA3 9BP,189685,517293
HA3 9SN,188191,518655
HA4 0NT,186094,511479
HA4 0QR,186056,512232
HA4 6ER,186991,509240
HA4 6TA,184894,511071
HA4 7AE,187364,509031
HA4 7LJ,187559,508579
HA4 7QU,188008,508435
HA4 8BE,187707,509266
HA4 9EY,186653,511477
HA4 9LZ,186950,510637
HA5 1TG,187928,511144
HA5 3EE,189709,512155
HA5 4EA,191230,513488
HA5 4RD,190959,512486
HA6 1NW,190146,510204
HA6 1TQ,190709,510103
HA6 2AD,191598,509071
HA6 2RG,191965,507828
HA6 3BG,191531,509231
HA7 1HS,190551,517557
HA7 1JP,190060,518225
HA7 4AU,192065,517035
HA7 4QT,192515,518313
HA8 0AD,191155,519814
HA8 0AP,190843,519859
HA8 0NR,190814,520461
HA8 0RW,191231,520766
HA8 5AT,190990,519495
HA8 5LP,190230,519872
HA8 5NE,189884,519442
HA8 5QL,190158,519325
HA8 6BH,190163,518524
HA8 7HF,191706,519191
HA8 8NB,192874,519337
HA8 9GJ,192127,519540
HA8 9NT,192243,520546
HA8 9TN,192224,519680
HA9 6PW,184598,519681
HA9 6QL,184925,519217
HA9 6QQ,184699,519475
HA9 8HD,186006,518627
HA9 8JZ,186432,518446
HA9 8LB,186496,518454
HA9 9DS,186492,520240
HA9 9FX,186409,519558
HA9 9HA,186629,519960
HA9 9TW,187291,518410
IG1 1EE,186254,543897
IG1 2SF,185470,543993
IG1 2SN,185105,544106
IG1 3AF,186498,543305
IG1 3HZ,187429,542899
IG1 4JE,186949,543990
IG1 4JY,186952,543646
IG1 4LA,187002,543751
IG11 0LG,183101,546039
IG11 7LZ,183884,544310
IG11 7RS,183446,544468
IG11 7TB,183684,544665
IG11 7UN,183744,544931
IG11 8GD,184490,544075
IG11 8PY,184821,544039
IG11 8RJ,184642,544215
IG11 8SF,184553,544658
IG11 9LD,184745,545463
IG11 9LT,184575,545538
IG11 9LX,184272,545649
IG11 9NR,184302,546470
IG11 9RS,183914,545352
IG11 9XQ,184269,544609
IG2 6EW,188032,543201
IG2 6JX,188512,543285
IG2 6LL,188455,543366
IG2 6SX,188639,543589
IG2 6UW,188496,543151
IG2 6YG,188984,543661
IG2 7LE,188458,544645
IG2 7NW,188524,544820
IG3 8BG,187037,545438
IG3 8BU,187060,545494
IG3 8LF,187246,545249
IG3 8XB,187526,546331
IG3 9QW,187121,546532
IG3 9RN,187054,546598
IG3 9TJ,186734,545422
IG4 5AW,188390,542226
IG4 5BZ,188530,542406
IG5 0LG,190038,542206
IG5 0QS,190347,542982
IG5 0SB,190647,543621
IG6 2HG,190476,544435
IG6 2NB,191094,544453
IG6 2TA,191687,544407
IG6 2XG,191321,544572
IG7 4DF,191978,545822
IG8 0AR,191458,540791
IG8 0HF,191927,540897
IG8 8AL,191759,542431
IG8 9QJ,191888,539982
KT1 4DY,169858,517406
KT2 5AD,169715,517979
KT2 5HF,170582,518127
KT2 6HR,169744,518514
KT2 6PG,169653,519141
KT2 7AZ,169564,519478
KT2 7PX,170071,519503
KT3 3TX,169324,520956
KT3 4BH,168166,521422
KT3 6AA,167904,521444
KT3 6DR,167947,521496
KT3 6JD,167992,522976
KT4 7LG,166093,522003
KT5 9QD,166256,520152
KT6 6BS,167113,517953
KT6 6EZ,167153,518371
KT6 7QG,166116,519088
KT9 1AG,164705,518189
KT9 2GY,163586,517617
N1 0AL,183945,530530
N1 0DG,183456,531334
N1 1SW,184552,531467
N1 2DE,184173,532040
N1 2RY,183773,531720
N1 3BS,183961,532428
N1 3JS,184177,532867
N1 3NG,184633,532726
N1 5DR,183359,532796
N1 5HZ,183400,533306
N1 5QT,183923,533379
N1 7AA,183796,532454
N1 8EQ,183275,531500
N1 8JG,183564,531823
N1 9RH,183380,530558
N10 1DU,190044,528642
N10 1ET,190724,528395
N10 2PS,189792,528858
N10 3BJ,189736,528395
N11 1BD,192395,529580
N11 1EY,193892,528200
N11 2PF,191409,529837
N11 3BU,192100,527774
N12 0JE,191199,526369
N12 9SS,192502,526448
N13 4BS,193236,531255
N13 4DR,193481,531526
N13 4JJ,192659,530779
N13 4RJ,193006,530798
N13 4XE,192562,530970
N13 5ST,193057,531948
N14 4AQ,195841,529185
N14 4PR,195143,528614
N15 3DY,189522,531582
N15 3PB,189170,532271
N15 4AA,189261,532656
N15 4JR,189554,533197
N15 4RH,189256,533924
N15 5AZ,188684,532587
N15 5HJ,188664,533037
N15 6JR,188390,533638
N15 6SB,188307,532752
N16 0EF,186526,533280
N16 5JF,187831,533038
N16 5RS,187732,533613
N16 5SR,186997,533616
N16 5UF,186933,532456
N16 6TJ,188020,533856
N16 6UA,187851,533842
N16 7EA,186834,534209
N16 7LR,186338,533833
N16 7UA,185639,533722
N16 8AR,185451,533334
N16 9DP,186016,532544
N16 9JT,186359,532919
N16 9NF,185468,532817
N17 0LL,190661,534026
N17 6AA,190513,532945
N17 6QB,189892,533780
N17 6SB,190263,533833
N17 8AH,191280,533865
N17 8NW,191369,533512
N17 9DL,190220,534172
N17 9FD,189546,534558
N18 1HR,192368,533745
N18 1LA,192724,532640
N18 1RP,192562,533467
N18 2JF,192330,534288
N18 2LY,192574,534155
N19 3NU,186515,529988
N19 3RN,187116,529640
N19 3YU,187507,530040
N19 5BZ,186617,528837
N19 5EW,185900,529279
N2 0EQ,188945,526205
N2 8BG,189814,526797
N2 9AY,189852,527079
N2 9NY,189918,527699
N2 9QD,189295,527369
N20 0DH,193427,527543
N20 0QQ,193142,526413
N20 9EX,193951,526594
N21 1UJ,195861,530817
N21 2SA,194425,532017
N21 3LE,193757,531585
N22 5AB,191456,530925
N22 5DJ,190515,532062
N22 5NJ,190757,530983
N22 6RX,190424,532112
N22 7UN,190566,529123
N22 8HE,190636,530797
N22 8HH,190494,530982
N22 8JJ,191502,530721
N22 8NW,191428,530587
N3 1LD,191108,525449
N3 1YL,191432,525577
N3 2AU,190872,526491
N3 2JP,190519,525229
N3 2JX,190499,525086
N3 2QN,190234,525871
N3 3NR,190006,525179
N4 1HE,188475,531784
N4 1TL,188206,531816
N4 2AA,186809,531518
N4 2NU,187239,532214
N4 3DU,187126,530339
N4 3JH,186830,531153
N4 3PZ,187372,530784
N5 2ET,185339,532374
N5 2QB,185742,532143
N6 4QA,188078,528173
N7 0SL,185654,530366
N7 6LB,186351,530156
N7 6NE,185573,530896
N7 7JJ,186229,531113
N7 7JW,186196,531075
N7 7QZ,186446,530660
N7 8DD,185269,531151
N7 8LT,184952,531360
N7 8QJ,185205,531058
N7 8XF,184738,530795
N7 9EW,184927,530076
N8 0PH,189514,531073
N8 0PX,189651,531432
N8 0RL,188796,531737
N8 0RP,188890,531759
N8 8AE,188223,529978
N8 8HJ,188363,529859
N8 8JD,188842,529607
N8 8SU,188621,529954
N9 0TW,193450,534372
N9 7HD,194422,534763
N9 8AJ,195059,535313
N9 9HJ,193979,533205
N9 9PU,193916,533924
NW1 0PE,183626,529678
NW1 1HY,182879,529770
NW1 1TN,183388,529293
NW1 2LS,182683,529245
NW1 3RH,182794,528994
NW1 5LT,182055,528338
NW1 5PN,181964,527810
NW1 6EJ,182339,527493
NW1 6SN,181912,527361
NW1 8UR,184198,527952
NW10 2PT,184660,522560
NW10 3JP,183324,523530
NW10 3RY,184135,522458
NW10 4ST,183199,521962
NW10 5UY,183140,522566
NW10 7NS,182756,520157
NW10 7PN,183455,519086
NW10 8RY,184048,520512
NW10 8SE,183584,521471
NW10 8TA,183787,521079
NW10 8TF,184956,520723
NW10 9HP,184632,521217
NW11 7HB,188118,524969
NW11 7HT,187225,525810
NW11 7NP,187789,525119
NW11 7TE,188454,524966
NW11 8BB,187802,524639
NW11 8DN,186694,525096
NW11 8NH,187110,524897
NW11 9AY,187922,524506
NW11 9PY,188368,524156
NW2 1DZ,185795,523820
NW2 1HS,186207,524476
NW2 1PA,187031,524234
NW2 3AH,185624,523804
NW2 3AN,185501,523761
NW2 3PS,185142,524241
NW2 3UY,185384,523776
NW2 4RT,184997,523545
NW2 5HA,184301,523126
NW2 6EA,186555,522936
NW2 6JH,185885,521681
NW2 7SA,185987,521591
NW3 1NR,185657,526895
NW3 1PD,185509,526911
NW3 2QG,185410,527297
NW3 2QU,185408,527453
NW3 2SE,185721,527265
NW3 3NP,184228,526826
NW3 3RY,184341,527606
NW3 4UE,184605,527515
NW3 5BY,184808,526684
NW3 5HT,184697,526371
NW3 5RJ,185235,526371
NW3 6BP,185007,526174
NW3 6JP,184445,526540
NW3 6QN,185785,526340
NW4 1DG,189400,523760
NW4 1RP,189812,523084
NW4 3EB,188246,523038
NW4 3NE,188363,523041
NW4 3SU,188285,522224
NW4 4AE,189101,523167
NW4 4QR,189699,522971
NW5 1TR,185661,528668
NW5 2BX,184696,529075
NW5 2UP,185151,529191
NW5 3LN,184740,528577
NW5 3NT,184615,528430
NW5 4EB,185037,528246
NW6 1AE,185251,525213
NW6 1DS,185515,525123
NW6 1TP,185002,525139
NW6 4DX,183875,525761
NW6 5AY,183271,525405
NW6 5DX,183216,525032
NW6 6RR,183527,524627
NW6 6SD,183259,524483
NW6 7JQ,184264,524909
NW7 1GR,191310,523997
NW7 2HX,192145,521706
NW7 3QB,192104,520568
NW8 0AG,183674,525966
NW8 0RH,183618,525941
NW8 7BT,183280,527135
NW8 8EG,182235,527099
NW8 9NH,183196,526649
NW8 9SP,183070,526942
NW9 0EF,189523,520250
NW9 0QP,189879,520014
NW9 0TA,189025,521045
NW9 5XT,190653,521699
NW9 6DJ,189501,521355
NW9 6HB,189304,522031
NW9 7DG,188165,521920
NW9 8LU,187660,520526
NW9 9AD,189257,520276
NW9 9BY,188877,519442
NW9 9SB,188523,519230
RM1 1AU,188598,551169
RM1 2SB,188242,552030
RM1 3DQ,189086,551267
RM1 3LS,188947,551670
RM1 4QJ,189718,550666
RM10 7DF,186835,549216
RM10 8AR,184825,550140
RM10 8EJ,185125,549879
RM10 9AT,183391,549757
RM10 9ET,183760,549697
RM10 9HU,184004,549362
RM10 9RR,184556,549665
RM11 1XA,187668,553895
RM11 3SD,187299,554190
RM11 3SZ,187038,554582
RM11 3XT,187084,554228
RM12 4EQ,186052,551969
RM12 4LF,186493,553947
RM12 5HX,185088,552376
RM12 5NJ,184933,552722
RM12 5PA,185456,552923
RM12 6PL,186820,555047
RM13 7UP,183713,551752
RM13 7XJ,183644,552082
RM13 9AB,182337,552531
RM13 9QU,183241,553677
RM13 9RZ,182659,553699
RM14 1BJ,187287,556985
RM14 1RG,187986,557095
RM14 2YN,185794,555914
RM14 3DH,186627,556438
RM2 5SU,188479,552830
RM3 0DR,190859,554748
RM3 0FE,190606,554269
RM3 0PT,190529,554838
RM3 7JJ,191366,553196
RM3 9PD,192015,554718
RM3 9SU,192059,554169
RM5 3PJ,191250,550026
RM5 3PR,191183,550009
RM5 3QL,191424,549973
RM6 4AF,188216,547352
RM6 4YU,188535,547178
RM6 5LL,189473,548156
RM6 6RT,188264,548404
RM7 0PX,187418,551029
RM7 0XR,186892,550932
RM7 8BU,189337,550077
RM8 1BX,186870,548004
RM8 2AJ,185732,546760
RM8 2EQ,185075,547283
RM8 2LD,185104,546953
RM8 3HP,186671,548518
RM8 3RH,185950,547820
RM8 3XU,186819,547363
RM9 4SR,184367,547511
RM9 5AS,185309,548951
RM9 5TT,186000,548626
RM9 6EA,184180,548054
RM9 6HT,184494,548730
SE1 1LB,179925,532488
SE1 1NL,180074,532609
SE1 1XF,180066,532564
SE1 2AP,180225,533322
SE1 2BP,179738,533980
SE1 2HZ,180094,533265
SE1 2TU,180063,533248
SE1 4JW,179222,532467
SE1 5TY,178589,533302
SE1 6BD,179395,532126
SE1 6ED,179516,532226
SE1 6JP,179116,531856
SE1 7NJ,179917,530889
SE1 7NQ,179933,530905
SE1 7RJ,179639,531067
SE1 8EE,180193,531563
SE1 8UL,179891,531273
SE1 9RR,180143,532730
SE10 0QN,179065,539776
SE10 8EX,177443,538347
SE10 8NT,177126,538122
SE10 8PA,176786,538030
SE10 9GB,178259,539556
SE10 9UB,178110,539286
SE11 4HJ,178557,531538
SE11 5NH,178448,530693
SE11 6SP,179096,531118
SE12 0DS,172604,540489
SE12 8NP,174560,539752
SE12 9TH,172203,540813
SE13 5AY,175630,538711
SE13 5PJ,175187,539360
SE13 6DQ,175078,538279
SE13 6LH,174681,537874
SE13 6RN,174205,538668
SE13 7NN,176335,538160
SE13 7SX,176124,537477
SE14 5HD,176837,535691
SE14 6LD,177095,536776
SE14 6TD,177053,536865
SE14 6TG,176909,537116
SE14 6TJ,176953,537087
SE15 1PD,177611,534943
SE15 2UA,176903,534550
SE15 3LY,175690,535004
SE15 4NT,175971,534337
SE15 4PU,176080,533860
SE15 5LJ,176821,533749
SE15 5SL,176794,534382
SE15 6NR,178060,533797
SE16 2PE,178854,535498
SE16 3HA,178113,534563
SE16 4BN,179324,534095
SE16 7JX,179809,535402
SE17 2EL,178134,532830
SE17 2SX,178541,533226
SE17 3DW,178215,532169
SE17 3NH,177674,531817
SE18 1AH,178541,544953
SE18 1BH,178354,545439
SE18 1ES,178660,545520
SE18 1SE,178583,545392
SE18 2AE,177601,544943
SE18 3EP,177825,544013
SE18 3PS,177632,543593
SE18 4LP,176825,542263
SE18 4LS,176884,542049
SE18 4QH,177463,542461
SE18 5TE,178828,543006
SE18 6AB,178852,543709
SE18 6TE,179210,544040
SE18 7LU,178543,544484
SE18 7QU,178033,544743
SE19 2BB,170658,534454
SE19 2DF,169581,533567
SE19 2NT,169994,533285
SE19 3NY,171017,532307
SE2 0ER,178644,546416
SE2 9AT,179698,547025
SE2 9LH,179644,547430
SE20 7AB,169657,535180
SE20 7TJ,170011,535525
SE20 8QA,169972,534720
SE20 8TJ,169579,534874
SE21 7EP,173262,533413
SE21 8AU,171881,533147
SE21 8SZ,172564,532795
SE22 0SQ,174519,534785
SE22 8JN,173914,533989
SE22 8LY,174172,533761
SE22 8QN,175307,533471
SE22 9EP,174704,534047
SE22 9QU,175287,534399
SE23 1HU,173308,536236
SE23 2JF,172532,536068
SE23 2SG,172875,536551
SE24 0AU,175775,532045
SE24 0EZ,174424,531966
SE24 9AE,173909,532020
SE24 9HJ,174221,532381
SE24 9QP,174674,532159
SE25 4QB,167704,534602
SE25 5NT,167760,534547
SE25 5QA,167396,533064
SE25 6BY,168874,533596
SE26 4TH,171843,536409
SE26 5QW,171484,535413
SE26 6JQ,171946,534729
SE27 0DF,172119,531758
SE27 9AW,172713,531737
SE28 0NY,179842,545162
SE28 8BE,180635,546499
SE3 0EN,176417,540754
SE3 7HB,177398,540361
SE3 9RT,175640,539688
SE4 1JN,174943,537383
SE4 2LA,175055,536191
SE4 2NH,176239,536192
SE4 2PJ,174483,536404
SE5 0BB,177338,532073
SE5 7AF,176796,532506
SE5 7AQ,176932,532560
SE5 7RF,176805,533152
SE5 8HL,175565,532814
SE5 8JU,175907,533258
SE5 9NS,176242,532362
SE6 1AT,173646,538550
SE6 1RB,173128,538955
SE6 2SP,172013,538225
SE6 3JB,172004,537445
SE6 4JH,174122,537820
SE7 8TX,178077,541673
SE8 3QH,178642,536504
SE8 4BG,177101,536809
SE8 5DA,177719,536857
SE9 1JE,174872,543297
SE9 1XY,175483,543056
SE9 2BD,173067,544230
SE9 3AZ,172112,543089
SE9 3JD,172353,543235
SE9 3PT,172651,544276
SE9 5DQ,174329,542804
SE9 6ER,174852,542491
SE9 6JX,175228,542084
SM1 2DB,163659,525263
SM1 2RJ,164205,525614
SM1 4AF,164285,525959
SM1 4EB,164614,526079
SM1 4NG,164267,527020
SM2 6LX,163687,525686
SM3 8BS,163638,524194
SM3 8EP,164768,523663
SM3 9EY,166807,524653
SM3 9HE,166639,524468
SM3 9HH,166544,524459
SM4 5RT,168133,526087
SM4 6BH,167101,526695
SM4 6RS,167182,526079
SM5 1JF,166644,527178
SM5 2RE,165219,527379
SM5 2RT,165562,526960
SM5 3LS,163396,527607
SM5 3RB,163725,527424
SM6 0DE,164167,528871
SM6 0HY,163644,528848
SM6 7HF,166232,528429
SM6 8AW,164336,528826
SM6 8BL,164512,529033
SM6 9BY,163691,530350
SW10 0LR,177540,526609
SW10 0UD,177273,526150
SW10 9DT,177922,525851
SW10 9EW,177670,526125
SW11 1HG,175139,527683
SW11 1JD,175501,527647
SW11 1SW,175015,526578
SW11 2EJ,175692,526944
SW11 2NU,175615,527165
SW11 2PH,176027,527150
SW11 3AD,176613,527371
SW11 3UJ,175666,526373
SW11 5JP,176581,528245
SW11 5QW,175735,528480
SW11 5TG,175571,527806
SW11 5TU,175730,528130
SW11 6BF,174612,527362
SW12 8EU,173188,528279
SW12 8NB,173869,527974
SW12 8TT,174259,528281
SW12 9HS,172942,528740
SW13 0DR,176425,522159
SW13 0LW,176298,521817
SW13 9RU,176795,522444
SW14 8LP,175521,520460
SW15 2DS,175084,524136
SW15 2SR,174842,524446
SW15 2TL,174966,524094
SW15 4AA,173615,522572
SW15 4DU,174051,521789
SW15 4HN,173928,522224
SW15 4LE,173709,522435
SW15 5JJ,175179,521563
SW15 6AF,174936,523917
SW15 6HG,174624,523232
SW15 6TQ,175136,523752
SW16 1XU,171823,530085
SW16 2BP,171678,530363
SW16 2PG,172589,530325
SW16 2ST,172049,530325
SW16 2XT,171634,530835
SW16 4NL,168947,530675
SW16 5HF,169530,529559
SW16 5LS,170260,530234
SW16 5PX,169643,530543
SW16 5SE,170339,529669
SW16 6BL,170879,529470
SW16 6LY,171139,529343
SW16 6PX,170574,529093
SW17 0RT,171135,527233
SW17 7AL,172559,528098
SW17 7AW,172890,528279
SW17 7BA,172388,528086
SW17 7EG,173441,527550
SW17 9HQ,170795,527932
SW17 9JR,170526,527927
SW18 1TW,175508,526195
SW18 4DD,174297,525708
SW18 4DU,173734,525935
SW18 4HH,172590,526067
SW18 4HX,174620,525274
SW18 5AE,172954,525365
SW18 5DS,172873,525139
SW19 1DG,170107,526277
SW19 1YG,170663,526400
SW19 2BY,170650,526920
SW19 3DA,168832,525849
SW19 4DL,170503,524620
SW19 4DP,170658,524682
SW19 4DW,170510,524599
SW19 5BY,171084,523894
SW19 5NX,172248,523575
SW19 6AE,173396,523815
SW19 6EW,173083,523939
SW19 7JL,171861,525147
SW19 7JZ,170849,524840
SW19 8DA,172267,525338
SW19 8RA,170617,525393
SW19 8RQ,170643,525205
SW1E 5RS,179246,529099
SW1P 1BT,179054,529501
SW1P 2BG,179078,529805
SW1P 2FA,179139,529841
SW1P 4EN,178889,529898
SW1V 1DX,178793,529308
SW1V 1JT,178969,528915
SW1V 1SN,178749,529294
SW1V 3EB,178255,529390
SW1W 0AU,179060,528816
SW1W 0QH,179389,528844
SW1W 8BJ,178573,528002
SW1W 8EE,178738,528069
SW1W 8NA,178476,528441
SW1W 8TS,178780,528198
SW1W 9PY,178965,528623
SW1W 9QN,178724,528496
SW1X 0EH,179009,527696
SW1X 0ET,179286,527826
SW1X 0JZ,179267,527699
SW1X 9AE,178859,528018
SW1X 9PA,179105,527889
SW1X 9PQ,179030,527903
SW1Y 4JH,180282,529544
SW2 1AE,174268,530712
SW2 3DY,173320,530708
SW2 4QY,173643,530207
SW2 4TP,173031,530438
SW20 0LW,169506,523112
SW20 0RH,169801,521894
SW20 8DA,169402,524568
SW20 8DE,168913,523730
SW20 9EA,168502,523302
SW3 1AP,179511,527753
SW3 1AU,179576,527771
SW3 1HW,179284,527327
SW3 1NQ,179246,527481
SW3 1NY,179234,527447
SW3 1RW,179312,527592
SW3 2EA,178855,527266
SW3 3DD,178703,527351
SW3 3DH,178598,527457
SW3 3JD,178501,527601
SW3 3NT,178513,527336
SW3 4LW,177833,528057
SW3 4TD,178340,528031
SW3 5AW,177998,527065
SW3 5NT,177885,527256
SW3 5RR,178022,527370
SW4 0DE,175568,529335
SW4 6EB,175667,529577
SW4 6TB,176520,530416
SW4 7DB,175444,529747
SW4 7NU,175212,530131
SW4 7QJ,175398,530173
SW4 7TR,175576,529944
SW4 8JP,174196,529670
SW5 0EA,178274,525771
SW5 0NL,178650,525955
SW5 0PT,178646,525576
SW5 0RD,178787,525626
SW5 9AD,178528,525568
SW5 9JA,178188,525627
SW5 9QF,178619,525460
SW6 1AY,177389,525212
SW6 1BG,177301,525569
SW6 1BW,177263,525473
SW6 1TN,177922,525128
SW6 2FE,176458,525710
SW6 3JH,176184,524372
SW6 4BJ,176725,525246
SW6 4HS,176789,525024
SW6 4SJ,176659,525494
SW6 4SW,176484,525336
SW6 4UL,176516,525169
SW6 5PX,177115,525164
SW6 6BQ,177320,524213
SW6 6JD,176767,524004
SW6 7HS,177325,524494
SW6 7PP,177492,524109
SW6 7SX,177732,524838
SW7 1EW,179319,527337
SW7 1EX,179372,527413
SW7 1LY,179503,526935
SW7 2JN,178905,526772
SW7 2NG,178770,526950
SW7 2SU,178847,526909
SW7 4HJ,179044,525998
SW7 4NQ,178582,526237
SW7 4QS,179193,526124
SW7 4XR,178957,525907
SW7 5AF,178700,526507
SW7 5RB,178848,526308
SW8 1SJ,177880,530349
SW8 1UL,176959,530403
SW8 2JB,177911,530189
SW8 2SH,176303,529747
SW8 2UD,177258,530287
SW8 3RX,175838,528584
SW8 4NN,177625,528686
SW9 0JG,177454,531078
SW9 0JQ,177375,531023
SW9 6AF,176897,531688
SW9 6AG,176288,531172
SW9 6NA,177096,531453
SW9 7AP,176248,531263
SW9 8DJ,175311,530951
SW9 9DL,176199,530441
SW9 9TJ,176021,530852
TN16 3TJ,158957,541704
TN16 3XS,159220,541346
TW1 1EU,174435,516100
TW1 1NE,174714,516601
TW1 1PS,175283,516599
TW1 2AR,174237,517164
TW1 2LJ,174140,516979
TW1 3PA,173594,516443
TW1 4EA,173336,516204
TW1 4QP,173102,516142
TW10 6PA,174813,518192
TW10 6PP,174615,518134
TW10 7LF,172124,517434
TW11 0AU,170749,515889
TW11 8HD,171145,516112
TW11 8HU,171155,516436
TW12 1NY,171117,514469
TW12 2PB,170078,513256
TW12 3AX,170581,513559
TW13 4GU,173128,510517
TW13 5AD,173241,510821
TW13 5JG,172744,512150
TW13 6AJ,172522,512150
TW13 6HD,172104,513028
TW14 0AB,173706,510933
TW14 0AX,173913,510951
TW14 8AG,173692,509237
TW14 8SN,173409,509130
TW14 9EF,174260,510111
TW14 9PY,174375,508947
TW2 5AU,172465,514228
TW2 5TU,172954,515419
TW2 6EE,172982,513608
TW2 6JL,173056,513961
TW3 1JS,175724,513775
TW3 1NL,175927,513889
TW3 2DY,174848,514057
TW3 3EL,175623,513196
TW3 3ET,175741,512840
TW3 3LN,175623,513196
TW3 4JX,176148,513542
TW4 7DN,176104,512156
TW4 7LR,175850,511597
TW4 7NR,176104,511162
TW5 9BJ,176608,511691
TW5 9ER,177353,512419
TW5 9RG,177076,510338
TW7 4HQ,176350,515008
TW7 6AF,176296,516469
TW7 7DJ,175681,516153
TW8 8DS,177777,517434
TW8 9DU,177391,516430
TW8 9HE,177708,517067
TW9 1DN,175065,518015
TW9 1PX,174903,517814
TW9 1SA,174832,518104
TW9 1UU,175096,518697
TW9 2NQ,175268,518069
TW9 2RG,175179,517990
TW9 4BH,176610,519331
TW9 4HQ,176414,519180
UB1 1BW,179951,512517
UB1 1EQ,180438,512020
UB1 1HS,180345,512362
UB1 1JH,180380,512196
UB1 1LA,180391,512545
UB1 1PZ,180534,512646
UB1 2AY,180556,512484
UB1 2LU,180830,513524
UB1 2PH,180617,512805
UB1 2PT,181253,512808
UB1 2QH,180675,512767
UB1 2RL,181107,512839
UB1 2RX,181550,512870
UB1 2TJ,181503,513273
UB1 2TS,181627,513106
UB1 2TU,181730,513249
UB1 3HW,180039,514921
UB1 3HY,180692,513601
UB10 8SA,186473,507390
UB10 9JN,183739,507470
UB10 9JX,184148,507528
UB10 9QF,184778,507700
UB2 4EH,179102,512573
UB2 4EY,178992,512561
UB2 4UP,179944,514292
UB2 4XQ,179401,513642
UB2 5BQ,179418,512177
UB2 5DU,179226,512182
UB2 5NH,178698,511120
UB2 5QY,178184,513034
UB3 1NY,178878,508590
UB3 2PB,180997,508533
UB3 3DZ,180854,510340
UB3 3HG,180388,510281
UB3 4DS,179697,509797
UB3 4NA,179192,509569
UB3 4NS,178849,510206
UB3 5AB,178282,508819
UB3 5DA,177993,508785
UB4 0SF,181201,510395
UB4 8DD,182879,510094
UB4 8RB,182152,509922
UB4 9AJ,182256,511082
UB4 9BG,181919,512009
UB5 4AT,185003,512758
UB5 4LZ,184825,513736
UB5 4NY,185321,513629
UB5 4SR,184858,514238
UB5 5DZ,184526,512574
UB5 5HB,184139,512971
UB5 6LD,182854,511282
UB5 6QN,182924,511226
UB5 6WL,182650,512727
UB6 0JP,185169,515900
UB6 0PA,184856,515473
UB6 0RA,184926,516591
UB6 7HQ,183744,516722
UB6 8HX,183116,515654
UB6 8QH,183385,514831
UB6 8RA,182569,514477
UB6 9EN,182025,513941
UB6 9RB,182663,513665
UB7 0EH,176804,504935
UB7 7DP,180325,506101
UB7 7PJ,179488,505867
UB7 8PE,180635,506249
UB8 1QU,184424,505699
UB8 1SD,184361,505629
UB8 1UB,184138,505793
UB8 3LA,181940,508300
UB8 3NA,182131,505891
UB8 3NG,181889,507300
UB8 3NN,181918,506850
UB8 3PH,182653,506024
UB9 6JY,191095,505444
W10 4LD,182819,524425
W10 4NJ,182374,524501
W10 4RE,182319,524553
W10 5NT,181898,524761
W10 5PE,182111,524563
W10 5PG,182083,524504
W10 5TG,181622,524463
W10 6DZ,181889,523783
W10 6NX,181532,523576
W11 1PA,181182,524563
W11 1QT,181215,524214
W11 2EH,181071,524498
W11 2SE,181011,524973
W11 3EP,180881,525206
W11 4EP,180854,524107
W11 4ET,180779,524120
W11 4LA,180237,524462
W12 0NF,180150,521975
W12 0PT,180931,521695
W12 7FG,180578,522565
W12 7LS,180111,522724
W12 8HD,179611,522996
W12 8LE,179755,523893
W12 8LH,180004,523108
W12 8PH,179829,523671
W12 8PP,179751,523654
W12 9BP,179566,522095
W12 9RD,180045,522553
W13 8ER,181491,516478
W13 8JP,180805,516685
W13 8LA,181280,516730
W13 9BE,180269,516171
W13 9NZ,180347,517016
W13 9QP,179797,516767
W14 0HX,179209,523555
W14 8HW,179119,524436
W14 8QA,178989,524604
W14 9PR,178068,524789
W1D 3HZ,181165,529723
W1D 3QL,181323,529733
W1D 3QS,181165,529723
W1D 5EW,180924,529812
W1F 9US,180787,529450
W1G 6AH,181854,528576
W1G 6AL,181880,528569
W1G 6AN,181887,528566
W1G 6AQ,181846,528579
W1G 6AT,181933,528541
W1G 6AX,181952,528545
W1G 6AZ,181976,528540
W1G 6BA,181983,528536
W1G 6BF,182017,528526
W1G 6BG,182024,528521
W1G 6HP,181974,528467
W1G 6HR,181981,528464
W1G 6HX,182022,528449
W1G 6JF,182016,528412
W1G 6JP,181949,528419
W1G 6LF,181822,528510
W1G 6LH,181853,528512
W1G 6LJ,181862,528512
W1G 6LL,181870,528506
W1G 6LW,181881,528491
W1G 6NB,181817,528471
W1G 7AE,181975,528664
W1G 7AF,181968,528647
W1G 7BU,181842,528664
W1G 7ET,181906,528596
W1G 7HA,181693,528660
W1G 7HB,181703,528659
W1G 7HD,181711,528657
W1G 7HE,181717,528655
W1G 7HF,181724,528652
W1G 7HG,181732,528651
W1G 7HH,181748,528648
W1G 7HJ,181757,528644
W1G 7HP,181790,528634
W1G 7HS,181828,528620
W1G 7HU,181837,528617
W1G 7HX,181848,528615
W1G 7HY,181857,528611
W1G 7HZ,181865,528607
W1G 7JA,181873,528606
W1G 7JB,181882,528604
W1G 7JD,181892,528601
W1G 7JE,181900,528598
W1G 7JG,181914,528594
W1G 7JL,181955,528612
W1G 7JQ,181922,528592
W1G 7JU,182009,528567
W1G 7JX,182015,528566
W1G 7JZ,182030,528562
W1G 7LB,182047,528555
W1G 7LE,182062,528551
W1G 7LG,182078,528546
W1G 7LQ,182085,528544
W1G 8AG,181611,528545
W1G 8AH,181604,528546
W1G 8AJ,181596,528548
W1G 8AS,181533,528567
W1G 8BJ,181785,528577
W1G 8EN,181547,528495
W1G 8EZ,181611,528481
W1G 8GE,181558,528592
W1G 8GL,181604,528576
W1G 8GT,181679,528552
W1G 8HL,181514,528545
W1G 8HU,181547,528663
W1G 8HZ,181529,528602
W1G 8QH,181562,528674
W1G 8QN,181726,528618
W1G 8QQ,181611,528657
W1G 8QR,181619,528636
W1G 8QW,181694,528630
W1G 8SD,181746,528502
W1G 8SF,181729,528503
W1G 8TL,181613,528517
W1G 8YB,181663,528573
W1G 8YH,181690,528514
W1G 8YJ,181681,528516
W1G 8YP,181658,528526
W1G 9AZ,181493,528576
W1G 9BP,181529,528721
W1G 9JF,181487,528563
W1G 9JH,181542,528742
W1G 9JR,181476,528529
W1G 9LG,181584,528697
W1G 9PA,181529,528721
W1G 9PB,181436,528743
W1G 9PF,181459,528737
W1G 9PL,181423,528748
W1G 9PP,181600,528698
W1G 9PR,181606,528695
W1G 9PU,181627,528684
W1G 9PW,181584,528697
W1G 9PZ,181648,528677
W1G 9QD,181404,528712
W1G 9QH,181452,528703
W1G 9QJ,181462,528696
W1G 9QN,181480,528693
W1G 9QP,181496,528690
W1G 9QW,181488,528692
W1G 9RJ,181397,528608
W1G 9RS,181469,528582
W1G 9RT,181462,528583
W1G 9RU,181454,528586
W1G 9ST,181458,528617
W1G 9TF,181675,528602
W1G 9TQ,181671,528587
W1H 2HJ,181647,527676
W1H 6EE,181371,528197
W1H 6EQ,181340,528219
W1J 6ER,180516,528851
W1J 7HY,180184,528613
W1J 8AJ,180333,528981
W1K 5LS,181023,528459
W1K 5QL,181013,528639
W1K 6LW,180857,528155
W1K 6ZL,180909,528234
W1T 2DB,181609,529607
W1T 4PR,181801,529357
W1T 5HE,182104,529206
W1T 6EU,182028,529099
W1T 6EY,182033,529154
W1T 7HA,182066,529414
W1U 2AU,181344,528515
W1U 2ER,181399,528440
W1U 2HX,181551,528415
W1U 4DJ,181664,528165
W1U 8ED,181339,528097
W1U 8EW,181609,528014
W1W 5QS,182084,528878
W1W 8HR,181514,529181
W2 1ED,181974,526842
W2 1LQ,181806,526837
W2 1ND,182114,526586
W2 1NY,181364,526826
W2 2DS,181461,527332
W2 2EA,181236,527538
W2 2HL,181047,527480
W2 2HU,181414,527304
W2 2HZ,181213,527503
W2 3ET,180767,526161
W2 5EH,181678,525608
W2 5ES,181774,525564
W2 5LT,181256,525561
W2 6EZ,181609,526342
W2 6HF,181168,526003
W2 6LE,181330,526434
W3 0DF,181696,520430
W3 6DL,180295,520392
W3 6PH,180947,520235
W3 7RG,180062,521425
W3 7TY,180936,521336
W3 8QE,180005,520150
W3 8QH,179882,519858
W3 8SA,180130,519897
W3 9BA,179568,519329
W3 9QN,180284,519650
W3 9RA,180220,519528
W4 1BB,179604,520862
W4 1NU,178528,520867
W4 1PU,178566,521383
W4 1RX,178603,520871
W4 2BD,178378,521115
W4 2EF,178532,521435
W4 2NW,178438,521735
W4 3ET,177275,520577
W4 3JL,177604,519989
W4 4BJ,178303,520107
W4 4HS,178510,520227
W4 4JE,178356,520541
W4 5DG,179523,520487
W4 5LH,178880,520725
W4 5YB,178636,519823
W5 1AQ,182557,517848
W5 1EE,182780,518547
W5 1JQ,182446,518049
W5 1RQ,182193,517270
W5 1TP,182003,517133
W5 2HS,181465,518214
W5 2PJ,180857,518037
W5 3AJ,181451,518966
W5 3TA,180807,518058
W5 3TX,180682,518161
W5 4RH,178970,517732
W6 0QG,179022,522067
W6 7BL,178877,523792
W6 7DJ,178651,523598
W6 7EG,178858,523598
W6 7HY,179435,523193
W6 7JP,178672,523809
W6 9DU,178381,523184
W6 9NH,178620,522220
W7 1DR,180352,515686
W7 2JJ,179640,516263
W7 3AH,181618,515248
W7 3DD,182040,515122
W8 4LT,179801,525529
W8 5JN,178947,525680
W8 5SX,179372,525610
W8 6ED,179167,525222
W8 6EG,179001,525248
W8 7RG,179437,525244
W8 7RX,179598,525421
W9 1HT,182611,525738
W9 1NH,182770,525869
W9 1NZ,182848,525953
W9 2AF,182140,525120
W9 3EG,183096,524550
W9 3JJ,182672,524688
W9 3QT,182194,525077
W9 3RU,182112,524922
W9 3XZ,181962,525144
WC1A 2HS,181573,530192
WC1B 3BA,181583,530135
WC1B 3QU,181665,529944
WC1E 6DB,182309,529347
WC1E 6DP,181791,529852
WC1E 7AA,181827,529756
WC1N 1AF,182264,530277
WC1N 1PD,182420,530292
WC1N 3NA,182046,530629
WC1V 6DW,181580,530582
WC1X 0GB,182706,531148
WC1X 8BP,182888,530500
WC1X 8DU,182706,530612
WC1X 8TS,182115,530905
WC1X 8TX,182161,530873
WC2A 1EN,181396,531101
WC2A 1PP,181187,531140
WC2A 2AZ,181123,530851
WC2B 4PJ,180941,530711
WC2H 9AA,181295,530289
